u	v	gender
1	1	F
1	1	F
1	1	F
1	1	M
1	1	M
1	1	F
1	1	F
1	1	F
1	1	M
1	2	F
1	2	F
1	2	M
1	2	M
1	2	F
1	2	F
1	2	F
1	2	M
1	2	F
1	3	F
1	3	M
1	3	M
1	3	M
1	3	F
1	3	F
1	3	M
1	3	M
1	3	F
1	3	F
1	3	M
1	3	M
1	3	M
1	3	F
1	5	M
1	5	M
1	6	M
1	6	M
1	6	M
1	6	M
1	6	M
1	6	M
1	6	F
1	7	M
1	7	F
1	7	M
1	7	F
1	7	M
1	7	F
1	7	F
1	7	F
1	7	M
1	7	M
1	7	M
1	8	F
1	8	F
1	8	F
1	8	M
1	8	M
1	8	F
1	8	M
1	9	M
1	9	F
1	10	M
1	10	F
1	10	M
1	10	M
1	10	M
1	11	M
1	11	F
1	11	M
1	11	M
1	11	M
1	11	M
1	12	M
1	12	F
1	13	F
1	13	F
1	13	F
1	13	F
1	14	M
1	14	F
1	14	M
1	14	M
1	15	F
1	15	M
1	15	F
1	15	M
1	16	F
1	16	F
1	16	M
1	16	F
1	16	F
1	17	M
1	18	F
1	18	M
1	20	M
1	20	F
1	20	M
1	20	F
1	20	M
1	21	M
1	21	F
1	22	F
1	23	F
1	24	M
1	24	F
1	25	M
1	25	F
1	26	M
1	26	M
1	26	F
1	26	F
1	26	F
1	26	M
1	26	M
1	27	F
1	27	M
1	27	F
1	28	M
1	28	F
1	28	F
1	29	F
1	29	F
1	30	F
1	30	F
1	30	F
1	31	M
1	31	M
1	32	M
1	33	F
1	33	M
1	36	F
1	37	F
1	38	F
1	38	F
1	42	M
1	46	F
1	46	F
1	46	F
1	46	F
1	46	F
1	46	F
1	46	F
1	46	F
1	49	F
1	50	F
1	54	M
1	56	M
1	57	M
1	60	F
1	61	M
1	63	M
1	63	F
1	65	M
1	66	M
1	67	M
1	69	M
1	69	F
1	69	M
1	69	F
1	69	M
1	69	M
1	71	F
1	72	F
1	74	M
1	78	F
1	79	M
1	80	M
1	82	M
1	83	M
1	85	M
1	89	F
1	91	F
1	98	F
1	101	F
1	105	M
1	106	M
1	111	F
1	111	M
1	111	F
1	115	M
1	115	M
1	116	F
1	125	F
1	135	F
1	148	M
1	154	F
1	157	F
1	167	F
1	170	M
2	1	M
2	1	F
2	1	M
2	1	M
2	1	M
2	1	F
2	1	M
2	1	M
2	2	F
2	2	F
2	2	F
2	2	F
2	2	M
2	2	M
2	2	F
2	3	F
2	3	M
2	3	F
2	3	F
2	3	M
2	3	M
2	3	M
2	3	F
2	3	M
2	3	M
2	3	M
2	3	M
2	4	M
2	4	M
2	5	F
2	5	F
2	5	M
2	6	F
2	6	M
2	6	F
2	6	F
2	6	M
2	7	F
2	7	F
2	7	F
2	7	M
2	7	F
2	7	M
2	7	F
2	7	F
2	7	F
2	7	M
2	7	M
2	7	F
2	7	F
2	7	F
2	7	F
2	8	M
2	8	F
2	8	M
2	9	F
2	10	M
2	10	F
2	10	F
2	10	F
2	10	F
2	10	F
2	10	M
2	11	F
2	11	F
2	11	M
2	11	F
2	12	M
2	12	M
2	12	F
2	12	F
2	12	M
2	12	M
2	12	F
2	13	F
2	13	M
2	13	F
2	15	M
2	15	F
2	15	M
2	15	F
2	16	M
2	16	M
2	18	M
2	18	F
2	18	M
2	18	M
2	19	M
2	19	F
2	20	F
2	20	M
2	20	F
2	21	F
2	22	F
2	23	F
2	23	M
2	25	M
2	25	M
2	25	M
2	26	F
2	26	F
2	26	F
2	26	F
2	26	F
2	26	M
2	26	F
2	26	M
2	26	F
2	27	F
2	27	M
2	28	F
2	28	F
2	28	M
2	28	F
2	28	M
2	29	F
2	29	F
2	29	M
2	29	M
2	30	F
2	30	F
2	31	F
2	31	F
2	31	F
2	31	F
2	32	M
2	32	F
2	32	M
2	32	F
2	32	F
2	34	F
2	34	M
2	36	M
2	36	F
2	36	F
2	37	F
2	37	F
2	37	M
2	37	F
2	37	F
2	37	M
2	38	F
2	39	F
2	40	M
2	40	M
2	41	F
2	42	M
2	44	F
2	44	M
2	45	F
2	46	M
2	46	F
2	46	F
2	46	F
2	49	F
2	49	F
2	50	M
2	51	M
2	51	M
2	51	M
2	51	M
2	51	F
2	52	F
2	52	F
2	53	F
2	53	F
2	55	F
2	55	M
2	55	M
2	55	M
2	55	M
2	56	F
2	56	M
2	56	F
2	66	F
2	67	F
2	69	M
2	70	M
2	71	M
2	81	F
2	82	F
2	84	M
2	87	M
2	87	F
2	88	M
2	96	F
2	96	M
2	97	F
2	102	M
2	107	M
2	112	M
2	120	F
2	120	F
2	122	M
2	124	F
2	133	M
2	136	M
2	139	M
2	139	F
2	147	F
2	147	F
2	166	M
2	191	F
2	192	M
3	1	F
3	1	F
3	1	M
3	1	F
3	1	F
3	1	M
3	1	M
3	1	M
3	2	F
3	2	F
3	2	F
3	2	F
3	2	F
3	2	M
3	2	M
3	2	M
3	3	M
3	3	M
3	3	F
3	3	F
3	3	M
3	3	F
3	3	F
3	3	F
3	3	M
3	3	M
3	3	M
3	3	M
3	3	F
3	3	M
3	3	M
3	3	F
3	3	F
3	3	M
3	3	M
3	3	F
3	3	F
3	3	M
3	3	M
3	3	M
3	3	M
3	3	F
3	3	M
3	4	M
3	4	F
3	4	F
3	4	M
3	5	M
3	5	M
3	6	M
3	6	F
3	6	F
3	6	F
3	6	M
3	6	M
3	6	F
3	6	F
3	7	M
3	7	F
3	7	F
3	7	M
3	7	M
3	7	M
3	7	M
3	7	F
3	7	M
3	7	M
3	7	F
3	7	F
3	7	F
3	7	M
3	7	F
3	7	F
3	7	F
3	8	F
3	8	F
3	8	F
3	9	M
3	9	F
3	9	F
3	9	M
3	9	F
3	10	M
3	10	M
3	10	M
3	10	M
3	10	M
3	10	F
3	10	F
3	11	F
3	11	M
3	11	M
3	12	F
3	12	M
3	13	F
3	13	F
3	13	M
3	14	F
3	14	F
3	15	M
3	15	F
3	15	F
3	15	F
3	15	F
3	15	M
3	15	M
3	16	F
3	16	F
3	17	M
3	17	F
3	17	M
3	17	F
3	17	M
3	18	M
3	18	M
3	18	M
3	18	F
3	18	F
3	18	M
3	18	F
3	19	F
3	19	F
3	19	F
3	19	M
3	19	F
3	19	F
3	19	F
3	19	M
3	20	F
3	20	F
3	20	M
3	20	M
3	21	M
3	21	M
3	21	F
3	21	F
3	22	F
3	22	M
3	23	F
3	23	F
3	23	F
3	24	F
3	25	F
3	25	F
3	25	F
3	25	F
3	25	M
3	25	F
3	26	M
3	26	F
3	26	M
3	26	M
3	26	M
3	26	F
3	26	F
3	26	M
3	27	M
3	27	M
3	27	F
3	28	F
3	28	M
3	28	M
3	28	F
3	28	M
3	28	M
3	28	M
3	28	F
3	30	F
3	30	M
3	30	M
3	30	M
3	31	F
3	32	M
3	32	F
3	32	M
3	32	F
3	33	M
3	33	F
3	34	M
3	34	F
3	35	F
3	35	F
3	35	M
3	37	F
3	37	F
3	37	M
3	37	F
3	37	F
3	37	F
3	37	M
3	37	M
3	37	M
3	37	F
3	39	M
3	40	M
3	40	M
3	40	F
3	41	M
3	41	M
3	42	F
3	42	F
3	42	F
3	42	F
3	42	M
3	42	M
3	43	F
3	43	F
3	43	F
3	44	F
3	45	M
3	45	F
3	45	M
3	45	M
3	45	M
3	45	M
3	46	F
3	46	F
3	46	M
3	47	M
3	49	M
3	49	F
3	50	M
3	51	M
3	51	M
3	52	F
3	52	F
3	52	F
3	55	M
3	56	F
3	56	M
3	57	F
3	57	M
3	59	M
3	60	F
3	67	F
3	70	M
3	70	M
3	72	F
3	72	F
3	73	F
3	74	M
3	81	M
3	82	M
3	84	F
3	84	F
3	97	F
3	100	F
3	101	F
3	102	F
3	102	M
3	104	M
3	104	F
3	111	M
3	111	F
3	111	F
3	111	F
3	111	M
3	113	M
3	113	F
3	122	F
3	122	F
3	122	M
3	122	F
3	128	M
3	129	M
3	131	F
3	131	M
3	133	M
3	133	F
3	143	F
3	145	F
3	145	M
3	145	F
3	148	F
3	148	F
3	148	M
3	148	M
3	150	F
3	151	F
3	154	M
3	154	F
3	160	M
3	160	F
3	160	F
3	161	M
3	161	F
3	168	F
3	175	M
3	175	F
3	175	M
3	175	M
3	175	M
3	175	M
3	175	M
3	175	M
3	181	M
3	188	F
3	191	F
3	199	M
4	1	F
4	1	F
4	1	F
4	2	M
4	3	F
4	3	M
4	4	M
4	4	F
4	6	M
4	6	F
4	6	M
4	7	M
4	7	F
4	10	M
4	11	M
4	15	M
4	16	F
4	18	M
4	19	M
4	21	M
4	23	M
4	30	M
4	32	M
4	32	M
4	32	F
4	37	M
4	41	M
4	52	M
4	54	M
4	54	F
4	59	F
4	70	M
4	85	F
4	86	M
4	90	F
4	101	F
4	106	M
4	111	M
4	140	M
4	164	M
5	1	F
5	1	F
5	2	M
5	2	F
5	3	M
5	3	F
5	3	F
5	5	F
5	5	M
5	6	M
5	6	M
5	7	M
5	7	F
5	7	F
5	7	M
5	8	F
5	9	M
5	9	F
5	11	F
5	13	M
5	15	F
5	16	M
5	16	M
5	18	M
5	20	F
5	20	F
5	21	M
5	21	M
5	27	M
5	27	F
5	27	F
5	29	M
5	29	F
5	30	F
5	30	F
5	31	F
5	31	M
5	33	M
5	34	M
5	37	M
5	38	F
5	38	M
5	43	M
5	44	F
5	45	F
5	47	F
5	51	F
5	66	M
5	67	F
5	70	M
5	75	F
5	87	M
5	97	F
5	100	M
5	102	F
5	111	F
5	115	M
5	124	F
5	135	M
5	149	M
5	149	M
5	154	F
5	161	F
5	170	M
5	175	M
5	175	M
5	175	F
5	191	M
6	1	M
6	1	M
6	1	M
6	3	F
6	5	F
6	6	F
6	6	F
6	6	M
6	7	F
6	7	F
6	7	M
6	8	F
6	9	M
6	9	M
6	10	M
6	11	F
6	11	F
6	12	F
6	12	M
6	12	F
6	13	F
6	13	F
6	13	M
6	14	F
6	16	M
6	17	F
6	17	M
6	17	F
6	17	F
6	17	M
6	18	F
6	18	F
6	18	F
6	18	F
6	21	M
6	22	F
6	22	M
6	22	F
6	23	M
6	24	F
6	25	F
6	25	F
6	26	M
6	27	F
6	27	F
6	27	F
6	27	F
6	28	F
6	29	M
6	29	F
6	31	F
6	31	M
6	31	F
6	33	M
6	33	F
6	33	M
6	35	F
6	35	M
6	36	M
6	37	F
6	37	F
6	37	F
6	40	F
6	40	F
6	46	F
6	49	M
6	55	M
6	55	F
6	55	F
6	55	M
6	56	F
6	57	F
6	62	M
6	65	F
6	66	F
6	67	F
6	70	F
6	70	M
6	73	F
6	77	F
6	78	F
6	81	F
6	83	M
6	87	F
6	87	F
6	90	M
6	93	M
6	93	M
6	94	M
6	95	M
6	95	F
6	104	F
6	106	M
6	107	F
6	111	F
6	111	F
6	112	F
6	113	M
6	113	F
6	115	M
6	120	F
6	120	F
6	123	M
6	133	M
6	146	F
6	147	F
6	150	F
6	155	F
6	164	M
6	191	F
6	198	F
6	200	F
6	201	F
7	1	F
7	1	M
7	1	F
7	1	F
7	1	F
7	2	M
7	2	F
7	2	M
7	2	F
7	2	F
7	3	F
7	3	F
7	4	F
7	4	F
7	4	M
7	5	M
7	5	M
7	6	F
7	7	F
7	7	F
7	7	F
7	7	M
7	7	F
7	7	M
7	7	F
7	7	F
7	7	F
7	7	F
7	7	F
7	7	M
7	7	M
7	7	M
7	7	M
7	7	F
7	7	M
7	7	M
7	7	F
7	7	M
7	7	M
7	7	F
7	7	M
7	8	F
7	8	M
7	9	M
7	10	F
7	10	F
7	10	F
7	10	F
7	10	M
7	10	F
7	11	M
7	11	M
7	11	F
7	12	F
7	12	F
7	12	M
7	12	M
7	12	M
7	12	F
7	13	M
7	13	F
7	14	M
7	15	M
7	16	F
7	17	F
7	18	F
7	18	F
7	19	F
7	20	F
7	20	F
7	20	M
7	21	M
7	21	M
7	21	M
7	21	M
7	21	F
7	23	M
7	23	M
7	23	F
7	23	F
7	23	F
7	23	M
7	27	F
7	28	F
7	28	M
7	28	F
7	28	M
7	28	F
7	30	M
7	30	M
7	33	M
7	33	F
7	34	F
7	35	M
7	36	F
7	36	F
7	36	F
7	37	F
7	37	M
7	37	F
7	37	F
7	37	F
7	37	M
7	37	F
7	37	F
7	37	F
7	37	M
7	39	F
7	40	F
7	41	F
7	42	F
7	42	M
7	43	M
7	43	M
7	44	F
7	45	M
7	47	M
7	48	M
7	50	M
7	52	M
7	52	M
7	54	F
7	55	F
7	55	M
7	57	F
7	57	M
7	57	M
7	57	F
7	61	M
7	61	M
7	66	M
7	66	F
7	69	F
7	72	M
7	73	M
7	76	M
7	80	F
7	80	F
7	85	M
7	86	M
7	88	F
7	88	M
7	89	M
7	90	F
7	95	F
7	95	M
7	102	F
7	102	M
7	111	F
7	111	F
7	114	M
7	121	F
7	124	M
7	125	F
7	125	M
7	125	F
7	145	M
7	145	F
7	151	M
7	163	M
7	175	M
7	188	M
7	191	F
7	191	M
7	193	M
7	200	M
8	1	M
8	2	F
8	3	F
8	4	M
8	5	M
8	5	F
8	5	F
8	7	F
8	8	M
8	8	M
8	9	F
8	10	F
8	11	M
8	13	M
8	13	M
8	14	M
8	16	M
8	17	F
8	18	M
8	18	M
8	20	F
8	20	F
8	21	F
8	23	F
8	24	M
8	25	F
8	26	M
8	26	M
8	27	F
8	28	F
8	28	F
8	28	M
8	28	F
8	32	F
8	33	F
8	34	F
8	34	M
8	35	F
8	36	M
8	38	F
8	38	F
8	40	M
8	42	M
8	45	F
8	46	F
8	49	F
8	51	M
8	55	M
8	56	F
8	60	M
8	61	F
8	63	F
8	64	F
8	64	F
8	64	M
8	64	F
8	78	M
8	79	F
8	81	M
8	86	M
8	88	F
8	100	M
8	103	M
8	105	M
8	107	F
8	107	F
8	113	F
8	113	M
8	114	M
8	118	M
8	120	F
8	122	M
8	133	M
8	139	F
8	142	M
8	151	F
8	154	F
8	154	M
8	155	F
8	175	F
8	193	M
8	204	M
9	1	F
9	7	F
9	7	M
9	7	M
9	7	F
9	8	F
9	8	M
9	11	M
9	11	M
9	13	M
9	15	M
9	16	M
9	16	M
9	16	M
9	19	F
9	25	M
9	27	F
9	32	F
9	32	F
9	33	F
9	37	M
9	37	M
9	37	M
9	38	F
9	42	M
9	42	F
9	42	F
9	47	M
9	54	F
9	56	F
9	57	F
9	65	M
9	65	F
9	70	M
9	75	F
9	80	F
9	84	F
9	97	F
9	105	M
9	107	F
9	111	M
9	112	M
9	148	M
9	166	F
9	182	M
9	186	F
9	191	F
10	2	F
10	5	F
10	6	F
10	6	M
10	7	F
10	7	F
10	8	F
10	8	F
10	10	M
10	10	F
10	11	F
10	12	F
10	12	M
10	12	F
10	12	M
10	13	M
10	15	F
10	16	F
10	16	F
10	18	F
10	20	F
10	22	M
10	25	F
10	26	M
10	26	M
10	26	F
10	26	F
10	26	F
10	26	F
10	27	F
10	28	F
10	29	M
10	30	F
10	34	M
10	36	M
10	37	M
10	37	M
10	37	M
10	37	F
10	38	F
10	40	F
10	42	F
10	42	M
10	43	M
10	43	F
10	46	M
10	46	F
10	46	F
10	46	F
10	46	F
10	47	M
10	51	F
10	52	F
10	55	M
10	55	M
10	56	F
10	57	F
10	59	M
10	60	F
10	70	M
10	73	F
10	74	M
10	75	F
10	77	F
10	85	F
10	101	M
10	102	M
10	109	M
10	137	M
10	142	F
10	154	F
10	162	F
10	167	F
10	171	F
10	191	M
10	200	M
11	2	M
11	6	M
11	6	M
11	8	M
11	10	F
11	11	M
11	11	F
11	11	M
11	12	M
11	12	M
11	12	F
11	15	F
11	15	M
11	15	M
11	15	F
11	15	M
11	17	F
11	17	M
11	18	M
11	19	M
11	21	M
11	22	F
11	26	M
11	27	F
11	28	M
11	28	M
11	28	M
11	28	M
11	28	M
11	28	M
11	29	F
11	31	F
11	32	F
11	32	F
11	32	M
11	32	F
11	33	F
11	34	M
11	34	M
11	35	F
11	35	F
11	35	F
11	36	F
11	37	F
11	37	M
11	37	F
11	38	F
11	40	F
11	41	F
11	41	F
11	41	F
11	41	F
11	42	M
11	42	M
11	42	F
11	43	M
11	43	F
11	44	F
11	47	F
11	49	M
11	49	M
11	50	M
11	52	M
11	52	F
11	52	M
11	52	M
11	52	F
11	53	M
11	53	F
11	54	M
11	54	F
11	54	M
11	56	F
11	57	F
11	57	F
11	66	F
11	67	M
11	70	F
11	71	F
11	72	M
11	74	F
11	74	F
11	74	M
11	74	M
11	75	F
11	75	F
11	75	F
11	77	F
11	77	F
11	78	F
11	79	F
11	79	F
11	80	F
11	83	F
11	83	F
11	83	M
11	84	M
11	85	M
11	86	M
11	86	F
11	87	F
11	87	M
11	87	M
11	87	M
11	87	F
11	87	M
11	88	M
11	89	F
11	90	M
11	92	M
11	95	F
11	98	F
11	100	M
11	102	F
11	103	F
11	105	M
11	106	M
11	108	M
11	108	M
11	109	M
11	110	F
11	111	M
11	111	F
11	111	M
11	111	F
11	112	M
11	112	F
11	112	F
11	113	M
11	115	F
11	123	F
11	124	M
11	128	M
11	128	F
11	129	M
11	129	F
11	131	M
11	131	M
11	133	M
11	133	F
11	138	M
11	141	M
11	142	F
11	142	M
11	142	F
11	142	F
11	142	M
11	143	M
11	154	M
11	155	F
11	156	F
11	163	F
11	164	M
11	165	M
11	167	M
11	168	F
11	173	M
11	173	M
11	181	F
11	181	F
11	181	F
11	199	M
11	200	F
11	204	M
12	1	F
12	2	F
12	2	F
12	6	M
12	6	F
12	7	F
12	10	F
12	11	F
12	11	M
12	11	M
12	11	F
12	11	M
12	12	M
12	13	M
12	13	M
12	13	M
12	16	M
12	21	F
12	21	M
12	22	M
12	23	M
12	23	M
12	27	F
12	27	F
12	28	M
12	28	F
12	28	F
12	29	M
12	30	M
12	30	F
12	31	F
12	35	M
12	37	F
12	37	M
12	37	F
12	38	F
12	38	F
12	38	M
12	42	F
12	44	M
12	48	M
12	48	M
12	51	F
12	54	F
12	55	F
12	55	F
12	59	M
12	60	F
12	66	F
12	68	M
12	69	F
12	70	F
12	70	F
12	73	M
12	75	M
12	75	M
12	78	F
12	82	F
12	84	F
12	85	M
12	87	M
12	87	M
12	89	F
12	96	F
12	98	M
12	102	F
12	103	F
12	107	F
12	107	M
12	110	M
12	114	M
12	116	M
12	116	M
12	123	F
12	125	M
12	130	M
12	132	M
12	138	M
12	139	F
12	141	M
12	150	M
12	152	M
12	155	M
12	166	M
12	188	F
12	191	M
12	196	F
13	5	F
13	6	M
13	6	F
13	10	M
13	11	F
13	13	M
13	15	M
13	19	M
13	20	M
13	20	M
13	20	M
13	20	F
13	20	F
13	23	F
13	24	F
13	24	F
13	24	M
13	24	F
13	25	F
13	26	M
13	26	M
13	27	M
13	27	M
13	28	M
13	31	M
13	33	M
13	36	M
13	36	M
13	36	M
13	38	M
13	38	F
13	40	F
13	43	F
13	45	F
13	51	M
13	53	M
13	54	M
13	54	F
13	64	M
13	66	F
13	66	M
13	67	F
13	69	M
13	69	F
13	70	M
13	73	F
13	76	F
13	76	F
13	79	F
13	81	F
13	84	F
13	84	M
13	86	F
13	87	F
13	88	F
13	88	F
13	88	F
13	93	F
13	99	F
13	102	F
13	102	F
13	115	M
13	121	M
13	124	F
13	130	F
13	130	M
13	142	M
13	143	M
13	145	F
13	148	F
13	155	M
13	161	F
13	164	F
13	167	F
13	167	M
13	167	M
13	167	M
13	171	F
13	174	F
13	174	F
13	181	F
13	184	F
13	195	F
13	201	M
14	3	M
14	8	M
14	9	F
14	13	F
14	14	F
14	14	F
14	17	F
14	18	M
14	19	M
14	21	M
14	22	F
14	27	F
14	27	F
14	38	M
14	42	M
14	42	M
14	43	F
14	48	F
14	50	F
14	50	M
14	52	F
14	53	F
14	56	M
14	57	F
14	63	M
14	64	F
14	69	M
14	69	F
14	71	M
14	86	M
14	88	M
14	98	F
14	111	M
14	111	M
14	131	F
14	139	M
14	159	M
14	169	F
14	175	M
14	179	F
14	202	F
14	203	M
15	1	M
15	1	F
15	2	M
15	7	M
15	12	M
15	13	M
15	15	F
15	15	F
15	15	F
15	15	M
15	18	F
15	18	F
15	20	M
15	23	M
15	23	M
15	24	F
15	24	M
15	25	M
15	26	M
15	28	F
15	29	M
15	31	F
15	32	M
15	32	F
15	34	M
15	38	M
15	39	M
15	42	F
15	42	F
15	43	M
15	47	F
15	49	M
15	49	M
15	51	F
15	55	F
15	55	F
15	60	M
15	60	M
15	62	F
15	69	F
15	69	F
15	74	F
15	84	M
15	85	F
15	88	F
15	100	F
15	106	F
15	107	M
15	111	M
15	117	M
15	118	M
15	130	F
15	132	F
15	138	M
15	138	F
15	152	F
15	155	M
15	161	F
15	166	M
15	170	F
15	181	F
15	191	F
15	191	M
15	204	F
16	15	F
16	16	M
16	19	F
16	20	M
16	21	M
16	27	F
16	27	F
16	29	M
16	31	F
16	35	M
16	35	F
16	40	F
16	51	F
16	52	M
16	56	M
16	58	F
16	62	F
16	67	F
16	67	M
16	70	M
16	76	M
16	82	M
16	93	M
16	101	F
16	127	M
16	146	M
16	147	M
16	201	F
17	2	M
17	6	M
17	7	M
17	7	F
17	7	F
17	12	F
17	18	F
17	22	F
17	22	M
17	35	M
17	38	F
17	41	M
17	73	F
17	79	M
17	84	F
17	105	M
17	108	M
17	112	M
17	145	M
17	145	F
17	146	F
17	149	F
17	190	M
17	191	M
17	191	F
17	191	F
17	191	M
17	200	F
18	7	M
18	9	F
18	10	F
18	12	F
18	14	F
18	14	F
18	18	M
18	18	M
18	20	F
18	25	M
18	25	M
18	25	M
18	25	F
18	25	F
18	25	M
18	27	F
18	28	M
18	28	M
18	29	F
18	29	F
18	29	M
18	31	F
18	31	F
18	32	M
18	32	M
18	34	F
18	34	F
18	35	F
18	36	M
18	36	M
18	36	M
18	37	M
18	41	M
18	41	F
18	42	F
18	49	M
18	49	M
18	49	M
18	50	F
18	51	F
18	52	F
18	53	M
18	53	F
18	53	M
18	54	F
18	55	M
18	57	M
18	69	M
18	72	M
18	72	M
18	74	M
18	74	F
18	75	M
18	76	F
18	77	F
18	79	M
18	80	M
18	82	M
18	83	F
18	87	F
18	96	M
18	96	F
18	98	M
18	98	M
18	98	F
18	102	M
18	103	F
18	107	M
18	108	F
18	111	M
18	111	M
18	113	F
18	115	F
18	116	F
18	120	M
18	120	M
18	129	F
18	132	M
18	148	F
18	150	M
18	154	M
18	157	F
18	163	F
18	175	F
18	175	M
18	175	M
18	178	F
18	181	F
18	184	M
18	187	M
18	188	F
18	191	M
18	194	F
18	203	F
19	7	M
19	18	M
19	19	F
19	20	M
19	21	F
19	22	F
19	24	F
19	31	F
19	31	M
19	34	M
19	36	M
19	37	M
19	38	M
19	43	M
19	43	F
19	44	M
19	50	F
19	55	M
19	56	F
19	57	F
19	69	F
19	70	M
19	70	M
19	72	F
19	79	F
19	79	F
19	82	M
19	84	F
19	89	F
19	97	F
19	100	M
19	100	F
19	100	F
19	101	F
19	104	M
19	106	F
19	106	M
19	106	F
19	111	M
19	116	M
19	116	F
19	118	M
19	121	F
19	125	F
19	128	F
19	148	M
19	153	M
19	160	M
19	170	M
19	175	M
19	181	F
19	191	M
19	192	M
20	3	F
20	7	M
20	7	F
20	7	F
20	13	F
20	13	F
20	15	F
20	16	M
20	17	M
20	18	M
20	20	M
20	25	M
20	27	F
20	28	F
20	29	F
20	31	M
20	32	F
20	32	M
20	36	M
20	37	M
20	37	F
20	38	M
20	40	F
20	41	M
20	41	F
20	49	M
20	51	F
20	51	M
20	52	F
20	60	F
20	70	M
20	88	F
20	88	F
20	91	F
20	96	F
20	98	M
20	102	F
20	120	M
20	120	M
20	124	M
20	130	F
20	145	M
20	175	F
20	184	F
20	193	F
20	198	M
20	201	F
21	3	F
21	6	F
21	7	F
21	7	F
21	7	M
21	8	M
21	10	F
21	10	F
21	10	F
21	10	M
21	13	M
21	15	M
21	18	F
21	21	F
21	21	M
21	21	M
21	21	M
21	21	F
21	21	M
21	21	F
21	21	F
21	21	F
21	21	F
21	21	M
21	21	M
21	21	F
21	21	F
21	21	F
21	21	M
21	21	F
21	22	F
21	22	M
21	27	F
21	31	F
21	32	F
21	38	F
21	38	F
21	45	M
21	46	M
21	46	F
21	46	F
21	46	F
21	46	M
21	47	M
21	51	M
21	55	M
21	55	M
21	55	F
21	55	M
21	55	M
21	55	M
21	55	F
21	55	F
21	55	M
21	55	F
21	55	M
21	55	F
21	55	M
21	55	M
21	57	F
21	57	M
21	57	F
21	59	M
21	60	F
21	65	F
21	65	F
21	65	M
21	66	F
21	66	F
21	66	M
21	66	M
21	66	F
21	66	M
21	67	M
21	69	F
21	72	M
21	75	M
21	77	F
21	78	F
21	78	M
21	78	M
21	78	M
21	78	F
21	80	M
21	80	M
21	80	M
21	80	F
21	80	M
21	80	M
21	80	M
21	80	M
21	91	M
21	91	F
21	91	M
21	93	M
21	93	M
21	94	M
21	94	M
21	94	M
21	95	M
21	95	M
21	95	F
21	95	M
21	95	F
21	95	M
21	96	F
21	99	F
21	99	M
21	99	M
21	99	M
21	99	F
21	102	M
21	111	F
21	120	M
21	124	M
21	129	F
21	129	F
21	129	F
21	129	M
21	139	F
21	139	F
21	139	F
21	141	M
21	143	F
21	151	M
21	151	F
21	151	M
21	151	F
21	151	F
21	151	M
21	151	M
21	151	F
21	151	M
21	151	M
21	151	F
21	151	M
21	151	F
21	151	F
21	151	M
21	153	M
21	170	M
21	175	M
21	189	F
21	189	M
21	189	F
22	10	M
22	14	M
22	14	M
22	22	F
22	22	F
22	23	M
22	25	F
22	26	M
22	27	M
22	27	M
22	37	M
22	38	F
22	41	M
22	41	F
22	44	M
22	45	M
22	50	F
22	63	F
22	64	F
22	66	M
22	70	M
22	80	M
22	87	M
22	104	F
22	105	M
22	140	M
22	147	M
22	155	M
22	161	F
22	181	F
22	193	M
22	200	F
22	200	F
23	6	M
23	19	F
23	23	F
23	23	F
23	23	F
23	26	M
23	27	F
23	28	M
23	32	F
23	36	F
23	36	M
23	41	M
23	41	M
23	47	M
23	49	F
23	50	M
23	52	M
23	52	M
23	53	M
23	53	F
23	54	M
23	54	M
23	56	F
23	60	M
23	61	F
23	71	F
23	72	F
23	76	F
23	81	F
23	81	M
23	87	F
23	87	F
23	87	F
23	88	F
23	102	M
23	102	M
23	108	F
23	110	M
23	110	M
23	115	M
23	120	F
23	120	M
23	123	F
23	131	F
23	173	F
23	173	M
23	181	M
23	203	F
23	203	F
24	7	F
24	14	M
24	18	F
24	27	M
24	27	F
24	35	M
24	35	F
24	37	M
24	39	M
24	43	M
24	49	M
24	75	F
24	96	M
24	115	M
24	117	F
24	148	M
24	154	M
24	169	M
24	171	F
25	5	M
25	6	M
25	6	M
25	7	F
25	7	F
25	20	M
25	20	M
25	20	M
25	22	M
25	25	F
25	25	M
25	28	M
25	28	M
25	28	F
25	34	F
25	35	F
25	35	F
25	36	M
25	36	M
25	37	M
25	38	M
25	40	M
25	40	F
25	40	F
25	44	M
25	50	M
25	50	M
25	54	M
25	56	M
25	57	M
25	59	M
25	61	F
25	67	F
25	68	M
25	72	M
25	73	M
25	73	M
25	74	F
25	79	F
25	80	F
25	81	F
25	81	F
25	84	M
25	84	F
25	84	M
25	87	M
25	95	M
25	98	M
25	98	F
25	98	M
25	100	F
25	107	M
25	107	M
25	107	M
25	110	F
25	117	F
25	118	M
25	118	M
25	118	M
25	118	F
25	128	M
25	133	F
25	133	F
25	145	F
25	145	F
25	151	M
25	153	F
25	154	M
25	156	F
25	160	M
25	161	F
25	161	F
25	166	F
25	166	F
25	169	F
25	175	F
25	179	F
25	184	F
25	194	M
25	202	M
26	2	F
26	10	F
26	11	M
26	12	M
26	15	M
26	19	F
26	26	M
26	26	F
26	28	F
26	32	M
26	35	F
26	35	F
26	37	F
26	49	F
26	49	F
26	49	F
26	56	M
26	60	F
26	60	F
26	64	M
26	67	F
26	69	F
26	69	M
26	70	F
26	72	M
26	81	F
26	108	M
26	110	M
26	111	M
26	118	F
26	131	M
26	139	M
26	148	F
26	148	F
26	152	M
26	155	F
26	165	M
26	165	M
27	12	M
27	12	M
27	18	F
27	19	F
27	21	F
27	21	M
27	21	F
27	22	M
27	25	F
27	27	F
27	27	F
27	28	F
27	30	F
27	32	M
27	34	F
27	35	M
27	35	M
27	35	F
27	36	F
27	37	M
27	38	F
27	38	F
27	39	F
27	41	F
27	43	F
27	44	M
27	44	F
27	45	F
27	46	M
27	48	F
27	49	F
27	49	M
27	55	F
27	60	F
27	64	F
27	64	F
27	66	F
27	70	F
27	70	F
27	71	M
27	76	M
27	80	M
27	81	F
27	83	F
27	85	M
27	88	M
27	88	F
27	88	M
27	88	F
27	93	M
27	98	F
27	98	M
27	101	F
27	102	M
27	102	M
27	102	F
27	102	F
27	106	F
27	106	M
27	107	M
27	112	F
27	116	F
27	121	F
27	124	F
27	133	M
27	133	M
27	138	M
27	145	F
27	145	M
27	146	F
27	151	F
27	151	M
27	151	M
27	167	M
27	167	F
27	175	M
27	197	M
27	198	M
27	200	F
27	204	M
28	1	F
28	6	M
28	7	F
28	7	M
28	8	M
28	11	M
28	11	M
28	11	F
28	11	F
28	18	M
28	21	M
28	24	M
28	25	M
28	25	M
28	25	F
28	28	M
28	28	F
28	28	F
28	30	F
28	31	M
28	37	F
28	37	M
28	37	M
28	37	F
28	40	M
28	40	F
28	42	F
28	47	F
28	52	F
28	54	M
28	56	M
28	62	F
28	63	F
28	67	M
28	67	M
28	72	M
28	73	F
28	82	F
28	88	F
28	90	F
28	90	F
28	90	F
28	100	M
28	101	F
28	102	M
28	106	M
28	106	M
28	107	M
28	107	M
28	107	F
28	107	F
28	108	M
28	111	M
28	147	M
28	163	F
28	169	F
28	171	M
28	174	M
28	175	F
28	175	F
28	179	F
28	191	F
28	191	M
28	196	F
29	1	F
29	20	M
29	23	F
29	27	M
29	29	F
29	29	M
29	32	M
29	32	M
29	35	M
29	35	F
29	36	M
29	37	F
29	50	M
29	50	F
29	52	F
29	59	M
29	61	F
29	74	F
29	74	M
29	87	M
29	90	M
29	106	F
29	108	F
29	111	M
29	116	M
29	116	M
29	120	F
29	128	F
29	133	F
29	133	F
29	146	F
29	152	M
29	160	M
29	160	F
29	160	F
29	166	M
29	191	F
29	191	M
29	194	M
29	194	M
30	27	F
30	29	F
30	30	F
30	33	F
30	41	M
30	50	M
30	54	F
30	60	M
30	83	M
30	86	F
30	100	F
30	108	F
30	111	M
30	113	F
30	132	M
30	141	M
30	144	F
30	145	M
30	163	F
30	166	F
30	194	F
31	1	F
31	5	F
31	6	M
31	9	M
31	9	M
31	11	F
31	11	F
31	27	M
31	31	F
31	31	M
31	37	M
31	38	M
31	39	M
31	41	F
31	42	M
31	49	M
31	50	F
31	51	F
31	53	M
31	62	F
31	62	M
31	67	M
31	77	M
31	82	M
31	85	F
31	90	M
31	90	M
31	92	F
31	102	M
31	102	M
31	103	F
31	106	M
31	108	M
31	114	M
31	117	M
31	117	M
31	120	F
31	133	F
31	138	M
31	142	M
31	150	M
31	155	F
31	173	M
31	188	F
31	191	F
31	202	F
32	7	F
32	10	F
32	18	F
32	18	F
32	23	M
32	26	M
32	27	M
32	32	F
32	36	M
32	37	F
32	47	F
32	47	M
32	47	M
32	56	M
32	56	M
32	60	F
32	60	M
32	69	M
32	86	M
32	86	M
32	87	M
32	88	M
32	89	M
32	102	M
32	106	M
32	118	M
32	120	M
32	128	F
32	131	F
32	142	F
32	145	M
32	157	F
32	164	M
32	183	M
32	185	M
32	187	M
32	191	F
33	7	M
33	20	F
33	21	M
33	54	M
33	63	F
33	98	M
33	104	F
33	155	F
33	161	M
34	7	F
34	25	M
34	29	F
34	34	M
34	36	M
34	36	F
34	43	F
34	44	F
34	50	M
34	52	M
34	62	M
34	63	F
34	63	F
34	74	F
34	77	F
34	80	M
34	85	F
34	87	M
34	88	F
34	88	M
34	117	M
34	117	F
34	124	M
34	124	M
34	128	F
34	135	M
34	138	M
34	160	F
34	160	M
34	162	M
34	167	F
34	176	M
34	195	M
35	8	F
35	12	F
35	21	F
35	27	F
35	29	M
35	30	F
35	31	M
35	32	M
35	35	F
35	35	M
35	36	M
35	36	F
35	36	M
35	39	M
35	41	M
35	42	F
35	42	M
35	48	M
35	48	F
35	50	F
35	51	M
35	51	M
35	54	M
35	55	M
35	57	F
35	59	F
35	60	M
35	61	F
35	63	F
35	66	M
35	72	M
35	73	M
35	74	M
35	74	F
35	75	F
35	75	M
35	80	M
35	82	F
35	84	M
35	87	F
35	87	M
35	89	F
35	89	M
35	89	M
35	92	M
35	93	F
35	94	M
35	96	M
35	97	F
35	98	F
35	102	M
35	102	F
35	104	M
35	105	F
35	106	F
35	106	F
35	106	F
35	106	M
35	108	F
35	109	M
35	109	F
35	113	F
35	115	F
35	115	F
35	116	F
35	118	F
35	120	M
35	120	M
35	120	F
35	120	F
35	125	F
35	125	M
35	125	M
35	133	M
35	142	M
35	145	F
35	145	F
35	146	F
35	151	F
35	155	M
35	155	F
35	157	M
35	163	M
35	165	M
35	166	F
35	167	M
35	169	M
35	169	F
35	174	F
35	178	F
35	181	F
35	181	F
35	190	M
35	190	F
35	191	F
35	191	M
35	193	F
35	200	F
35	205	M
36	3	F
36	6	F
36	11	F
36	28	M
36	34	F
36	35	F
36	36	M
36	36	M
36	37	M
36	38	M
36	41	M
36	44	M
36	46	F
36	49	M
36	53	M
36	53	M
36	53	F
36	54	M
36	54	M
36	60	F
36	62	M
36	67	F
36	67	M
36	74	M
36	75	F
36	81	M
36	83	M
36	85	M
36	87	F
36	87	M
36	87	M
36	88	M
36	88	F
36	94	M
36	94	M
36	102	F
36	102	F
36	103	M
36	106	M
36	108	F
36	109	M
36	110	F
36	112	F
36	115	F
36	117	M
36	118	F
36	120	F
36	123	F
36	128	F
36	130	M
36	130	M
36	132	M
36	141	M
36	141	M
36	145	M
36	148	F
36	162	M
36	166	F
36	186	F
36	192	F
36	194	F
36	204	F
36	205	M
37	2	F
37	7	F
37	7	F
37	10	M
37	11	M
37	14	F
37	21	F
37	23	F
37	27	M
37	29	M
37	31	F
37	35	M
37	37	M
37	37	F
37	37	M
37	37	F
37	37	F
37	37	F
37	38	F
37	40	F
37	40	F
37	42	F
37	42	M
37	45	M
37	49	M
37	50	M
37	52	F
37	52	F
37	52	M
37	53	M
37	53	F
37	55	F
37	60	M
37	66	M
37	70	M
37	74	F
37	74	F
37	74	F
37	80	F
37	80	F
37	88	F
37	89	F
37	89	M
37	97	F
37	98	F
37	100	M
37	102	F
37	106	F
37	106	M
37	106	F
37	111	M
37	112	F
37	113	F
37	116	M
37	124	F
37	125	M
37	125	M
37	125	M
37	125	M
37	128	M
37	135	F
37	148	M
37	152	F
37	152	F
37	152	F
37	152	M
37	155	F
37	163	M
37	173	M
37	185	F
37	186	F
37	204	M
38	21	F
38	25	F
38	25	F
38	28	M
38	41	M
38	49	F
38	51	F
38	55	F
38	57	M
38	59	F
38	64	F
38	64	F
38	64	M
38	65	F
38	70	M
38	70	M
38	75	F
38	76	M
38	82	F
38	87	M
38	96	F
38	97	M
38	98	M
38	99	M
38	106	M
38	108	M
38	108	F
38	115	F
38	124	M
38	125	M
38	131	F
38	152	M
38	196	F
39	34	M
39	35	F
39	39	F
39	39	F
39	44	F
39	51	M
39	56	F
39	70	F
39	73	M
39	74	F
39	77	F
39	82	F
39	102	F
39	131	M
39	134	M
39	134	F
39	141	M
39	158	F
39	177	F
39	186	F
39	190	M
39	191	F
40	5	F
40	26	F
40	26	M
40	31	M
40	34	M
40	35	M
40	35	M
40	37	F
40	40	F
40	40	M
40	40	F
40	40	F
40	47	M
40	51	F
40	52	F
40	61	M
40	61	M
40	70	M
40	72	F
40	72	M
40	72	F
40	74	F
40	74	M
40	74	M
40	75	M
40	82	F
40	85	M
40	85	M
40	97	M
40	100	F
40	109	M
40	115	M
40	115	F
40	120	F
40	120	M
40	125	M
40	130	M
40	137	F
40	142	M
40	150	M
40	159	F
40	167	M
40	178	M
40	180	F
40	189	M
40	191	M
40	197	F
41	7	M
41	11	F
41	15	F
41	21	F
41	31	M
41	31	F
41	32	M
41	33	M
41	35	F
41	35	F
41	37	M
41	40	M
41	40	F
41	41	M
41	41	M
41	54	M
41	54	F
41	54	M
41	54	M
41	55	M
41	62	F
41	66	M
41	67	F
41	72	M
41	72	M
41	75	M
41	75	F
41	75	M
41	81	M
41	84	M
41	90	M
41	90	F
41	96	F
41	100	M
41	102	F
41	105	F
41	105	M
41	106	F
41	109	F
41	109	F
41	113	M
41	116	M
41	116	F
41	120	F
41	123	M
41	123	M
41	124	F
41	124	M
41	131	F
41	131	M
41	133	F
41	133	F
41	138	M
41	140	F
41	142	F
41	145	M
41	146	F
41	153	F
41	157	F
41	160	M
41	160	F
41	164	F
41	169	F
41	173	F
41	173	M
41	175	F
41	188	M
41	204	F
42	24	F
42	37	M
42	40	F
42	42	F
42	43	F
42	44	F
42	54	F
42	67	M
42	67	F
42	71	M
42	72	M
42	76	M
42	77	M
42	81	M
42	85	M
42	98	M
42	98	M
42	100	M
42	102	M
42	110	F
42	112	F
42	120	F
42	139	F
42	167	F
42	174	F
42	175	M
42	191	M
42	191	M
42	191	F
42	191	M
42	191	M
42	191	M
42	192	M
42	205	F
43	7	F
43	25	F
43	37	F
43	43	M
43	43	M
43	54	M
43	54	M
43	61	M
43	83	M
43	86	F
43	116	M
43	118	M
43	128	F
43	131	M
43	142	F
43	163	M
43	163	M
43	179	M
43	180	M
43	196	M
43	200	M
43	205	F
44	2	M
44	7	M
44	7	F
44	7	M
44	7	M
44	27	M
44	34	F
44	44	F
44	46	M
44	46	M
44	54	M
44	56	F
44	60	F
44	62	M
44	72	M
44	74	M
44	75	M
44	80	F
44	84	M
44	88	F
44	88	F
44	104	M
44	105	M
44	105	M
44	108	F
44	108	M
44	113	M
44	119	M
44	131	F
44	153	F
44	160	F
44	163	F
44	169	M
44	169	F
44	174	M
44	186	M
44	201	F
45	12	M
45	35	M
45	50	F
45	81	F
45	98	F
45	124	M
45	136	F
45	154	M
45	161	M
45	161	F
45	175	F
46	6	F
46	46	F
46	46	M
46	50	M
46	55	M
46	55	M
46	55	F
46	57	M
46	57	M
46	65	M
46	66	F
46	66	M
46	66	M
46	66	M
46	74	F
46	76	M
46	77	F
46	77	M
46	80	M
46	91	M
46	91	M
46	91	M
46	91	M
46	91	F
46	93	M
46	93	F
46	95	F
46	95	M
46	99	F
46	119	M
46	120	M
46	126	F
46	126	F
46	126	M
46	129	M
46	129	M
46	129	F
46	129	M
46	129	M
46	129	M
46	139	M
46	140	M
46	140	F
46	143	M
46	144	M
46	187	F
46	189	M
46	189	M
46	192	M
47	57	M
47	66	F
47	77	F
47	107	F
47	111	F
47	132	F
47	143	F
47	147	M
48	7	F
48	27	F
48	40	M
48	48	F
48	48	M
48	48	M
48	48	M
48	50	F
48	50	M
48	83	M
48	98	M
48	104	F
48	104	M
48	106	F
48	106	M
48	111	M
48	118	M
48	119	M
48	123	F
48	152	M
48	165	M
48	173	F
48	191	F
48	194	M
49	7	M
49	22	M
49	35	M
49	49	F
49	62	M
49	77	F
49	87	F
49	103	M
49	106	F
49	111	M
49	120	M
49	120	M
49	120	F
49	148	F
49	148	M
49	155	M
49	165	F
49	171	M
49	175	M
49	175	M
49	183	M
49	197	F
50	2	M
50	9	M
50	17	M
50	25	M
50	29	F
50	41	M
50	50	M
50	50	F
50	50	M
50	50	M
50	50	F
50	50	F
50	51	M
50	73	M
50	74	M
50	75	F
50	80	F
50	83	M
50	105	M
50	105	F
50	106	M
50	118	M
50	128	M
50	139	F
50	169	F
50	181	F
50	181	M
50	181	M
50	181	M
50	190	M
50	190	M
51	10	M
51	41	F
51	46	F
51	49	M
51	56	M
51	62	F
51	73	F
51	85	F
51	91	M
51	100	M
51	107	F
51	120	M
51	120	M
51	128	F
51	153	M
51	177	M
51	183	M
52	41	F
52	71	M
52	72	M
52	73	M
52	77	M
52	81	F
52	85	M
52	88	M
52	92	M
52	97	F
52	109	M
52	110	M
52	113	M
52	123	M
52	123	F
52	123	M
52	123	M
52	128	F
52	131	M
52	134	F
52	137	M
52	152	F
52	153	M
52	160	M
52	161	M
52	162	M
52	163	M
52	170	F
52	178	M
52	191	F
52	204	M
53	53	M
53	54	F
53	106	M
53	120	M
53	149	M
54	35	M
54	44	F
54	86	M
54	89	F
54	90	M
54	92	M
54	108	M
54	109	M
54	110	F
54	112	M
54	118	F
54	138	F
54	150	F
54	155	M
54	156	F
54	160	F
54	169	M
54	173	F
54	173	M
54	173	M
54	176	M
54	176	F
55	1	M
55	3	M
55	18	M
55	22	M
55	37	M
55	46	F
55	55	F
55	55	M
55	55	M
55	55	F
55	55	M
55	55	F
55	55	F
55	55	F
55	57	M
55	57	F
55	68	M
55	80	F
55	80	M
55	80	F
55	80	F
55	80	F
55	80	M
55	91	M
55	91	M
55	93	M
55	93	F
55	93	M
55	93	M
55	94	M
55	94	M
55	94	M
55	95	M
55	95	F
55	95	M
55	95	M
55	99	F
55	99	F
55	102	F
55	111	M
55	122	M
55	126	F
55	126	F
55	126	M
55	127	M
55	129	M
55	131	M
55	139	M
55	139	F
55	139	F
55	140	F
55	140	F
55	140	F
55	143	M
55	143	M
55	143	M
55	143	F
55	146	F
55	172	M
55	172	F
55	172	F
55	183	M
55	189	M
55	189	M
56	7	M
56	11	M
56	25	M
56	41	F
56	51	M
56	52	M
56	56	M
56	69	M
56	69	M
56	74	F
56	118	M
56	118	M
56	119	F
56	131	F
56	132	M
56	136	F
56	137	M
57	41	M
57	55	F
57	55	M
57	57	M
57	57	M
57	57	M
57	57	M
57	57	F
57	65	M
57	66	M
57	66	M
57	78	M
57	80	M
57	94	M
57	94	M
57	95	F
57	95	F
57	95	M
57	99	M
57	99	M
57	136	F
57	140	M
57	146	M
57	151	F
57	171	F
57	172	M
57	189	M
57	204	M
58	52	F
58	100	M
58	201	M
58	201	M
59	37	M
59	59	M
59	80	M
59	88	M
59	90	M
59	92	M
59	106	M
59	111	M
59	130	M
59	141	F
59	148	F
59	155	M
59	156	F
59	157	F
59	187	M
59	187	M
59	188	F
60	32	F
60	59	F
60	67	M
60	88	M
60	88	M
60	130	M
61	57	M
61	58	F
61	61	M
61	74	F
61	85	M
61	88	M
61	109	F
61	125	M
61	128	M
61	141	F
61	141	M
61	184	F
61	203	M
62	61	F
62	74	F
62	86	M
62	105	M
62	131	M
62	146	M
63	48	F
63	54	F
63	85	F
63	88	M
63	88	M
63	128	M
63	144	M
63	149	M
63	169	M
63	184	F
63	185	F
63	199	M
64	64	M
64	92	F
64	124	M
64	143	F
64	183	F
65	65	M
65	65	F
65	65	M
65	65	F
65	65	F
65	65	M
65	65	M
65	65	M
65	65	M
65	65	F
65	65	F
65	65	M
65	65	F
65	66	F
65	80	M
65	94	M
65	99	M
65	99	F
65	140	M
65	151	F
65	191	F
65	205	F
66	39	F
66	55	F
66	66	M
66	80	F
66	87	F
66	91	F
66	91	M
66	104	F
66	127	M
66	127	F
66	127	M
66	129	M
66	129	F
66	139	M
66	139	F
66	189	F
66	189	F
67	11	M
67	42	M
67	67	F
67	97	F
67	108	M
67	109	F
67	117	F
67	131	M
67	151	M
67	152	F
67	191	M
67	191	M
68	68	M
68	90	F
68	102	F
68	105	M
68	117	M
68	123	M
68	160	F
68	163	F
68	195	M
68	201	M
69	6	M
69	24	F
69	25	M
69	70	M
69	87	M
69	114	F
69	165	M
69	165	M
70	4	M
70	83	F
70	100	M
70	104	M
70	108	F
70	111	M
70	112	M
70	124	F
70	132	F
70	143	M
70	172	F
70	173	M
70	192	F
70	197	F
70	201	M
70	203	M
71	10	F
71	71	F
71	71	M
71	80	M
71	85	F
71	110	M
71	125	M
71	138	M
71	188	M
71	199	F
71	205	F
72	52	F
72	85	M
72	85	M
72	88	M
72	98	M
72	105	F
72	109	M
72	149	M
72	155	M
72	158	F
72	160	F
72	184	M
72	186	F
72	193	M
72	194	M
72	198	M
72	203	F
72	205	M
73	56	F
73	71	M
73	73	M
73	94	F
73	108	M
73	113	M
73	169	F
73	177	F
73	183	M
73	197	F
74	37	M
74	37	F
74	52	M
74	69	F
74	74	M
74	74	M
74	74	F
74	74	M
74	81	F
74	88	F
74	88	F
74	98	F
74	98	M
74	105	F
74	113	M
74	128	M
74	133	F
74	160	M
74	160	F
74	160	M
74	163	M
74	163	F
74	194	F
74	196	M
74	196	F
74	198	M
75	44	F
75	48	M
75	70	F
75	75	M
75	75	M
75	85	M
75	92	M
75	92	M
75	92	M
75	96	M
75	100	M
75	115	F
75	156	M
75	162	F
75	176	F
75	176	F
75	186	F
75	192	M
75	195	F
75	196	F
75	201	F
76	7	M
76	115	F
76	130	M
76	135	F
76	146	F
76	182	M
76	201	M
77	56	M
77	61	F
77	75	M
77	85	M
77	114	M
77	148	F
77	167	M
77	171	M
77	195	F
78	65	M
78	78	F
78	189	M
78	198	F
79	65	M
79	140	M
79	200	F
80	21	M
80	35	F
80	55	F
80	55	F
80	59	M
80	59	F
80	66	M
80	80	M
80	91	F
80	91	F
80	91	F
80	92	M
80	95	F
80	117	M
80	126	F
80	139	F
80	143	F
80	148	M
80	151	M
80	167	M
80	189	M
80	189	M
81	81	F
81	81	F
81	88	F
81	106	M
81	116	F
81	145	M
81	148	M
81	159	F
81	194	F
81	200	M
82	45	F
82	57	F
82	82	M
82	82	M
82	153	M
82	182	F
82	182	F
82	184	M
82	196	F
82	201	M
83	10	M
83	36	F
83	40	M
83	96	M
83	106	M
83	112	F
83	119	M
83	146	M
83	169	M
83	176	M
83	179	M
83	187	M
83	189	F
83	205	M
84	71	M
84	79	M
84	84	F
84	84	M
84	84	M
84	126	M
85	77	F
85	89	F
85	89	M
85	103	M
85	103	M
85	103	M
85	117	M
85	128	M
85	147	M
85	150	M
85	157	M
85	178	M
85	179	M
85	186	M
85	190	M
85	191	F
85	192	F
85	205	F
85	205	M
85	205	F
86	63	M
86	63	M
86	86	F
86	111	M
86	160	M
86	160	M
86	168	F
86	169	F
86	170	M
86	180	M
86	196	M
86	204	M
87	87	F
87	106	F
87	125	F
87	131	F
87	155	F
87	157	M
87	178	M
87	183	F
87	183	M
87	185	M
88	11	M
88	40	F
88	74	M
88	89	M
88	102	F
88	108	F
88	112	M
88	115	M
88	116	M
88	118	F
88	118	M
88	148	M
88	178	M
88	186	F
89	73	M
89	75	F
89	80	F
89	86	M
89	89	M
89	120	M
89	160	M
89	160	M
89	173	M
89	176	M
89	191	M
90	60	M
90	63	F
90	67	F
90	72	F
90	90	M
90	134	M
90	134	F
90	134	M
90	168	F
90	168	M
90	173	M
90	174	M
90	188	M
90	188	M
90	191	M
90	191	F
90	193	M
90	200	F
90	205	M
91	55	M
91	55	M
91	91	F
91	91	M
91	91	F
91	91	F
91	94	M
91	99	M
91	126	F
91	126	F
91	129	M
91	136	M
91	139	M
92	40	M
92	51	M
92	106	M
92	107	F
92	118	M
92	130	M
92	153	M
92	162	M
92	165	M
92	186	M
92	195	F
92	198	M
92	198	M
93	55	M
93	93	F
93	93	M
93	93	M
93	128	M
93	129	M
93	129	M
93	143	M
93	143	F
93	143	M
93	143	M
93	168	F
93	172	M
93	178	M
94	94	M
94	94	M
94	94	F
94	94	F
94	94	F
94	94	F
94	94	M
94	95	M
94	99	M
94	143	M
94	143	M
94	143	M
94	143	F
94	189	M
95	55	F
95	95	M
95	95	F
95	99	M
95	111	M
95	126	M
95	126	M
95	129	F
95	129	M
95	140	M
95	172	M
95	200	M
96	57	F
96	88	M
96	101	M
96	193	M
97	44	F
97	106	M
97	110	M
97	138	F
97	152	F
97	156	M
97	178	M
97	183	M
97	186	M
97	190	F
97	197	M
97	204	M
98	72	F
98	72	F
98	98	M
98	109	F
98	144	M
98	163	M
98	195	M
98	205	M
99	99	F
99	99	M
99	99	F
99	99	M
99	99	F
99	102	M
99	111	M
99	120	M
99	139	F
99	143	M
99	151	F
100	100	M
100	115	F
100	121	M
100	145	M
100	195	M
101	101	M
101	101	M
101	148	M
101	152	F
102	48	M
102	51	M
102	96	F
102	111	F
102	117	M
102	137	M
102	146	M
102	160	M
102	190	F
102	190	F
102	199	F
103	55	M
103	61	M
103	103	M
103	103	M
103	103	M
103	103	M
103	153	M
103	179	F
103	181	M
103	188	M
103	188	M
103	189	M
103	197	F
103	200	M
104	104	F
104	106	M
104	197	M
104	197	M
104	198	F
105	40	M
105	84	M
105	89	M
105	153	F
105	163	F
105	186	M
105	199	M
105	205	F
106	83	M
106	90	M
106	123	F
106	123	M
106	130	M
106	155	F
106	161	M
106	176	M
106	183	F
106	192	F
106	200	M
107	62	M
107	74	M
108	102	M
108	108	M
108	136	M
108	152	M
109	43	M
109	93	F
109	159	M
109	162	M
110	77	F
110	179	M
110	188	F
111	28	M
111	46	F
111	56	M
111	68	M
111	75	F
111	111	M
111	111	F
111	111	M
111	111	M
111	111	F
111	117	M
111	117	M
111	145	M
111	145	F
111	154	M
111	158	M
111	166	M
111	166	M
111	175	M
111	191	M
111	194	M
111	196	M
111	203	M
112	128	F
112	140	F
112	140	M
112	163	M
112	170	M
112	178	M
112	183	M
112	186	M
112	191	M
112	201	F
113	113	M
113	153	M
113	166	F
113	185	M
114	132	M
115	133	F
115	141	M
115	153	M
116	137	M
116	174	M
117	75	F
117	111	M
117	111	F
117	117	M
117	139	M
117	193	M
118	92	F
118	132	F
118	134	M
118	166	M
118	171	M
118	177	M
118	177	M
118	178	M
118	190	M
118	199	F
118	205	F
119	83	M
120	18	M
120	98	F
120	160	M
120	173	F
120	177	M
120	187	F
120	192	F
120	195	M
120	203	F
121	121	M
121	175	M
121	201	M
123	123	F
123	125	M
123	138	F
123	163	M
123	171	M
123	176	M
123	176	M
123	183	M
123	189	M
123	196	M
124	9	M
124	124	M
124	124	M
124	167	M
125	107	M
125	177	F
125	181	F
125	190	M
125	197	M
126	55	M
126	55	M
126	91	M
126	95	M
126	126	F
126	126	M
126	126	F
126	126	M
126	126	M
126	126	M
126	126	M
126	139	M
126	172	M
127	66	M
127	127	F
127	127	M
127	127	F
127	151	M
127	189	M
128	7	M
128	61	M
128	82	M
128	123	M
128	128	M
128	128	M
128	141	M
128	162	M
128	177	M
128	187	F
128	192	M
128	197	M
128	197	M
128	197	F
129	120	M
129	172	M
130	130	M
130	130	M
130	130	M
130	130	M
130	153	M
130	167	M
130	198	F
131	90	M
131	131	M
132	97	M
132	170	M
133	133	M
133	167	M
133	191	M
134	112	F
134	191	F
135	135	M
136	152	M
136	195	M
137	137	F
137	137	M
137	147	M
137	192	M
137	197	F
137	202	M
138	89	F
139	57	M
139	80	M
139	91	M
139	139	M
139	172	M
139	172	M
139	172	M
139	189	M
139	189	F
139	189	F
139	198	F
140	90	F
140	103	M
140	139	M
140	140	M
140	140	M
140	140	F
140	140	M
140	191	M
140	205	M
141	102	M
141	141	M
141	174	M
142	160	M
142	196	F
142	196	M
143	140	F
143	143	M
143	143	F
143	143	F
143	143	M
143	203	M
144	193	M
145	163	M
145	190	M
145	199	M
146	146	M
146	168	M
146	204	M
147	50	M
147	178	M
148	148	F
148	153	M
150	147	M
150	187	M
150	203	M
151	140	M
151	151	M
152	37	M
152	74	M
152	178	M
153	97	F
153	153	M
153	153	M
153	153	M
153	164	F
153	183	M
153	183	M
153	192	M
153	193	M
154	42	M
154	154	M
155	155	M
155	164	M
155	185	F
155	192	M
155	193	F
155	193	M
155	195	M
156	57	F
156	118	M
156	156	F
156	198	M
158	158	M
160	29	M
160	86	M
160	128	F
160	155	M
160	160	M
160	203	M
160	204	F
162	163	M
163	150	M
163	154	M
163	160	M
163	184	M
163	202	M
164	156	M
164	164	M
164	199	M
166	38	M
166	166	M
166	166	M
166	166	M
166	166	M
166	188	M
167	111	M
167	167	M
167	167	M
167	182	M
168	167	M
170	180	M
171	190	M
172	126	M
172	142	M
172	172	M
172	172	F
172	172	M
173	204	M
174	174	M
174	174	M
174	205	M
176	176	M
176	176	M
176	176	M
176	205	F
177	128	F
177	177	M
178	105	M
178	178	F
178	204	M
179	179	M
179	179	M
180	180	M
181	181	M
181	181	M
181	181	M
181	181	M
181	181	M
181	181	M
181	181	M
181	181	F
181	190	M
183	156	M
187	202	M
188	90	M
188	188	F
188	188	M
189	127	M
189	189	M
190	118	M
190	181	M
191	191	M
191	191	M
191	191	F
191	201	M
192	194	M
193	193	M
193	193	M
193	193	M
193	193	M
193	193	M
193	193	M
193	193	M
193	193	M
193	193	M
193	193	M
193	200	M
194	194	M
198	198	M
200	200	F
204	204	M
204	204	M
